{
    "activation_function1": "relu",
    "activation_function2": "softmax",
    "batch_size": 32,
    "dropout1": 0.2,
    "dropout2": 0.5,
    "earlystop": 1,
    "epochs": 25,
    "filter_count": 32,
    "filter_size": 3,
    "fold": 0,
    "folds": 5,
    "grid_radius": 20,
    "grid_resolution": 0.5,
    "kfcv": 1,
    "kfcv_serial": 1,
    "layer_count": 2,
    "learning_rate": 0.01,
    "momentum": 0.9,
    "noise": 0,
    "poly_transformation": 0,
    "pooling": 2,
    "random_seed": 5488,
    "root_name": "sample_run",
    "rotation": 0,
    "sampling_floats": 0,
    "sampling_rate": 100,
    "save_model": 0,
    "scale": 7,
    "scale_randomness": 0,
    "test_classes": [
        "sphere",
        "torus"
    ],
    "testing_size": 120,
    "train_classes": [
        "sphere",
        "torus"
    ],
    "training_size": 480,
    "transformation": 0.3,
    "translation": 0,
    "validation_split": 0.3333333,
    "visualize": 0
}
